stage_id,phase,dataset,method,fusion_mode,regime,seed_id,init_seed,sampler_seed,worker_seed,augmentation_seed,corruption_seed,epochs,lr,batch_size,config,config_sha256,output_dir,resume_stage_id,resume,checkpoint_for_eval,endpoint_role,claim_bearing,descriptive_single_seed,split_protocol,evidence_version
M3-001,main,vaihingen,fixed_late,fixed_average,base_clean,101,10111,10122,10133,10144,10155,45,0.0003,8,configs/minimal_claim_m2_r2_20260716/main/m3-001_vaihingen_fixed_late_base_clean.yaml,94683C62EFF89D4B48E2D65B43452C3AB7FCA840CACBFC1FE438D1E5DDFA0CB9,outputs/qalf_minimal_m2_20260715/main/vaihingen/fixed_late/seed_101/base_clean,,,outputs/qalf_minimal_m2_20260715/main/vaihingen/fixed_late/seed_101/base_clean/last_model.pt,budget_anchor,false,false,qalf-confirmatory-v1,qalf_minimal_m2_20260715
M3-002,main,vaihingen,fixed_late,fixed_average,clean_continuation,101,10111,10122,10133,10144,10155,28,3e-05,8,configs/minimal_claim_m2_r2_20260716/main/m3-002_vaihingen_fixed_late_clean_continuation.yaml,F9F2445F24947EFA40FA91A1D2901137B404643F1BFD12E0A4BB7A57E32090EF,outputs/qalf_minimal_m2_20260715/main/vaihingen/fixed_late/seed_101/clean_continuation,M3-001,outputs/qalf_minimal_m2_20260715/main/vaihingen/fixed_late/seed_101/base_clean/last_model.pt,outputs/qalf_minimal_m2_20260715/main/vaihingen/fixed_late/seed_101/clean_continuation/last_model.pt,primary,true,false,qalf-confirmatory-v1,qalf_minimal_m2_20260715
M3-003,main,vaihingen,fixed_late,fixed_average,robust,101,10111,10122,10133,10144,10155,28,3e-05,8,configs/minimal_claim_m2_r2_20260716/main/m3-003_vaihingen_fixed_late_robust.yaml,15C5AEF04F3966FD3507FD226278BB99569A443B37D05B0B1D98CE4FA70D89F9,outputs/qalf_minimal_m2_20260715/main/vaihingen/fixed_late/seed_101/robust,M3-001,outputs/qalf_minimal_m2_20260715/main/vaihingen/fixed_late/seed_101/base_clean/last_model.pt,outputs/qalf_minimal_m2_20260715/main/vaihingen/fixed_late/seed_101/robust/last_model.pt,primary,true,false,qalf-confirmatory-v1,qalf_minimal_m2_20260715
M3-004,main,vaihingen,fixed_late,fixed_average,base_clean,202,20211,20222,20233,20244,20255,45,0.0003,8,configs/minimal_claim_m2_r2_20260716/main/m3-004_vaihingen_fixed_late_base_clean.yaml,FB3E3E144986C1D85DAA6AC3C1671FCA657487A15C6E757C84AD81E6094000CE,outputs/qalf_minimal_m2_20260715/main/vaihingen/fixed_late/seed_202/base_clean,,,outputs/qalf_minimal_m2_20260715/main/vaihingen/fixed_late/seed_202/base_clean/last_model.pt,budget_anchor,false,false,qalf-confirmatory-v1,qalf_minimal_m2_20260715
M3-005,main,vaihingen,fixed_late,fixed_average,clean_continuation,202,20211,20222,20233,20244,20255,28,3e-05,8,configs/minimal_claim_m2_r2_20260716/main/m3-005_vaihingen_fixed_late_clean_continuation.yaml,953D86CB58376D7BC95CAC63AA212CF3E1ABFDBE796B0A67DFDD3901E8531375,outputs/qalf_minimal_m2_20260715/main/vaihingen/fixed_late/seed_202/clean_continuation,M3-004,outputs/qalf_minimal_m2_20260715/main/vaihingen/fixed_late/seed_202/base_clean/last_model.pt,outputs/qalf_minimal_m2_20260715/main/vaihingen/fixed_late/seed_202/clean_continuation/last_model.pt,primary,true,false,qalf-confirmatory-v1,qalf_minimal_m2_20260715
M3-006,main,vaihingen,fixed_late,fixed_average,robust,202,20211,20222,20233,20244,20255,28,3e-05,8,configs/minimal_claim_m2_r2_20260716/main/m3-006_vaihingen_fixed_late_robust.yaml,461E43FDDF14971B937259D319E545168BF254E9A7220235821C15C6E1383D46,outputs/qalf_minimal_m2_20260715/main/vaihingen/fixed_late/seed_202/robust,M3-004,outputs/qalf_minimal_m2_20260715/main/vaihingen/fixed_late/seed_202/base_clean/last_model.pt,outputs/qalf_minimal_m2_20260715/main/vaihingen/fixed_late/seed_202/robust/last_model.pt,primary,true,false,qalf-confirmatory-v1,qalf_minimal_m2_20260715
M3-007,main,vaihingen,fixed_late,fixed_average,base_clean,303,30311,30322,30333,30344,30355,45,0.0003,8,configs/minimal_claim_m2_r2_20260716/main/m3-007_vaihingen_fixed_late_base_clean.yaml,74B0B123DA20DF652A79049371E178D5E53D7B6B6FA83EE8815A9F901C7BE1B3,outputs/qalf_minimal_m2_20260715/main/vaihingen/fixed_late/seed_303/base_clean,,,outputs/qalf_minimal_m2_20260715/main/vaihingen/fixed_late/seed_303/base_clean/last_model.pt,budget_anchor,false,false,qalf-confirmatory-v1,qalf_minimal_m2_20260715
M3-008,main,vaihingen,fixed_late,fixed_average,clean_continuation,303,30311,30322,30333,30344,30355,28,3e-05,8,configs/minimal_claim_m2_r2_20260716/main/m3-008_vaihingen_fixed_late_clean_continuation.yaml,D62EB35F8B18C7D252854108B847C67F352350C0C8E0568B07A80860806B58F3,outputs/qalf_minimal_m2_20260715/main/vaihingen/fixed_late/seed_303/clean_continuation,M3-007,outputs/qalf_minimal_m2_20260715/main/vaihingen/fixed_late/seed_303/base_clean/last_model.pt,outputs/qalf_minimal_m2_20260715/main/vaihingen/fixed_late/seed_303/clean_continuation/last_model.pt,primary,true,false,qalf-confirmatory-v1,qalf_minimal_m2_20260715
M3-009,main,vaihingen,fixed_late,fixed_average,robust,303,30311,30322,30333,30344,30355,28,3e-05,8,configs/minimal_claim_m2_r2_20260716/main/m3-009_vaihingen_fixed_late_robust.yaml,8F811D4109AA5AAE7F42BB22C4087288230F2DBB7F6112A3AD40BDAB15468B05,outputs/qalf_minimal_m2_20260715/main/vaihingen/fixed_late/seed_303/robust,M3-007,outputs/qalf_minimal_m2_20260715/main/vaihingen/fixed_late/seed_303/base_clean/last_model.pt,outputs/qalf_minimal_m2_20260715/main/vaihingen/fixed_late/seed_303/robust/last_model.pt,primary,true,false,qalf-confirmatory-v1,qalf_minimal_m2_20260715
M3-010,main,vaihingen,qalf,dynamic_gated,base_clean,101,10111,10122,10133,10144,10155,45,0.0003,8,configs/minimal_claim_m2_r2_20260716/main/m3-010_vaihingen_qalf_base_clean.yaml,0F4EC2F4E73860633F568B0033B65AD3E71C6A6193134ECAD5A806D41E6E0A31,outputs/qalf_minimal_m2_20260715/main/vaihingen/qalf/seed_101/base_clean,,,outputs/qalf_minimal_m2_20260715/main/vaihingen/qalf/seed_101/base_clean/last_model.pt,budget_anchor,false,false,qalf-confirmatory-v1,qalf_minimal_m2_20260715
M3-011,main,vaihingen,qalf,dynamic_gated,clean_continuation,101,10111,10122,10133,10144,10155,28,3e-05,8,configs/minimal_claim_m2_r2_20260716/main/m3-011_vaihingen_qalf_clean_continuation.yaml,21368BA1F6E407553635E3BE1578A3E59FC701D44FAAE6267B1305F621575050,outputs/qalf_minimal_m2_20260715/main/vaihingen/qalf/seed_101/clean_continuation,M3-010,outputs/qalf_minimal_m2_20260715/main/vaihingen/qalf/seed_101/base_clean/last_model.pt,outputs/qalf_minimal_m2_20260715/main/vaihingen/qalf/seed_101/clean_continuation/last_model.pt,primary,true,false,qalf-confirmatory-v1,qalf_minimal_m2_20260715
M3-012,main,vaihingen,qalf,dynamic_gated,robust,101,10111,10122,10133,10144,10155,28,3e-05,8,configs/minimal_claim_m2_r2_20260716/main/m3-012_vaihingen_qalf_robust.yaml,EA4BCBAEDECB71E60CBB82CC661F32B11BAE2D2C0EDF116B28515840F8C10B65,outputs/qalf_minimal_m2_20260715/main/vaihingen/qalf/seed_101/robust,M3-010,outputs/qalf_minimal_m2_20260715/main/vaihingen/qalf/seed_101/base_clean/last_model.pt,outputs/qalf_minimal_m2_20260715/main/vaihingen/qalf/seed_101/robust/last_model.pt,primary,true,false,qalf-confirmatory-v1,qalf_minimal_m2_20260715
M3-013,main,vaihingen,qalf,dynamic_gated,base_clean,202,20211,20222,20233,20244,20255,45,0.0003,8,configs/minimal_claim_m2_r2_20260716/main/m3-013_vaihingen_qalf_base_clean.yaml,340F441F402525ED0EBEA30FC2DF27ED2D905ACD152A0EC4B8822E6AAC9B6F5C,outputs/qalf_minimal_m2_20260715/main/vaihingen/qalf/seed_202/base_clean,,,outputs/qalf_minimal_m2_20260715/main/vaihingen/qalf/seed_202/base_clean/last_model.pt,budget_anchor,false,false,qalf-confirmatory-v1,qalf_minimal_m2_20260715
M3-014,main,vaihingen,qalf,dynamic_gated,clean_continuation,202,20211,20222,20233,20244,20255,28,3e-05,8,configs/minimal_claim_m2_r2_20260716/main/m3-014_vaihingen_qalf_clean_continuation.yaml,3A059FED770F87D9A1B62244DC90F21ABBDF57EDE0D8610B1F1B8652CC74A770,outputs/qalf_minimal_m2_20260715/main/vaihingen/qalf/seed_202/clean_continuation,M3-013,outputs/qalf_minimal_m2_20260715/main/vaihingen/qalf/seed_202/base_clean/last_model.pt,outputs/qalf_minimal_m2_20260715/main/vaihingen/qalf/seed_202/clean_continuation/last_model.pt,primary,true,false,qalf-confirmatory-v1,qalf_minimal_m2_20260715
M3-015,main,vaihingen,qalf,dynamic_gated,robust,202,20211,20222,20233,20244,20255,28,3e-05,8,configs/minimal_claim_m2_r2_20260716/main/m3-015_vaihingen_qalf_robust.yaml,B69F592CFF5DE71FB4B3B50D97CC121B9839D1C52481EA6F8911C59DFD8D114C,outputs/qalf_minimal_m2_20260715/main/vaihingen/qalf/seed_202/robust,M3-013,outputs/qalf_minimal_m2_20260715/main/vaihingen/qalf/seed_202/base_clean/last_model.pt,outputs/qalf_minimal_m2_20260715/main/vaihingen/qalf/seed_202/robust/last_model.pt,primary,true,false,qalf-confirmatory-v1,qalf_minimal_m2_20260715
M3-016,main,vaihingen,qalf,dynamic_gated,base_clean,303,30311,30322,30333,30344,30355,45,0.0003,8,configs/minimal_claim_m2_r2_20260716/main/m3-016_vaihingen_qalf_base_clean.yaml,FB192FA96B3BCAB66837720F91210A5D868EB41F646E7CABF6D3664B555DC75B,outputs/qalf_minimal_m2_20260715/main/vaihingen/qalf/seed_303/base_clean,,,outputs/qalf_minimal_m2_20260715/main/vaihingen/qalf/seed_303/base_clean/last_model.pt,budget_anchor,false,false,qalf-confirmatory-v1,qalf_minimal_m2_20260715
M3-017,main,vaihingen,qalf,dynamic_gated,clean_continuation,303,30311,30322,30333,30344,30355,28,3e-05,8,configs/minimal_claim_m2_r2_20260716/main/m3-017_vaihingen_qalf_clean_continuation.yaml,7524638787F138FB39072747506CBB8B272FF913178ED5ED7053F8EEF7807953,outputs/qalf_minimal_m2_20260715/main/vaihingen/qalf/seed_303/clean_continuation,M3-016,outputs/qalf_minimal_m2_20260715/main/vaihingen/qalf/seed_303/base_clean/last_model.pt,outputs/qalf_minimal_m2_20260715/main/vaihingen/qalf/seed_303/clean_continuation/last_model.pt,primary,true,false,qalf-confirmatory-v1,qalf_minimal_m2_20260715
M3-018,main,vaihingen,qalf,dynamic_gated,robust,303,30311,30322,30333,30344,30355,28,3e-05,8,configs/minimal_claim_m2_r2_20260716/main/m3-018_vaihingen_qalf_robust.yaml,56E810899B45B7FEF3849E80A3C44F279ECE742A783502035FE0A323CEFF6529,outputs/qalf_minimal_m2_20260715/main/vaihingen/qalf/seed_303/robust,M3-016,outputs/qalf_minimal_m2_20260715/main/vaihingen/qalf/seed_303/base_clean/last_model.pt,outputs/qalf_minimal_m2_20260715/main/vaihingen/qalf/seed_303/robust/last_model.pt,primary,true,false,qalf-confirmatory-v1,qalf_minimal_m2_20260715
M3-019,main,potsdam,fixed_late,fixed_average,base_clean,101,10111,10122,10133,10144,10155,35,0.0003,8,configs/minimal_claim_m2_r2_20260716/main/m3-019_potsdam_fixed_late_base_clean.yaml,E31B643BD3AF1A99650E6ADEA2C74A39A5CD21704A51C804DB494C7C1288B2CA,outputs/qalf_minimal_m2_20260715/main/potsdam/fixed_late/seed_101/base_clean,,,outputs/qalf_minimal_m2_20260715/main/potsdam/fixed_late/seed_101/base_clean/last_model.pt,budget_anchor,false,false,qalf-confirmatory-v1,qalf_minimal_m2_20260715
M3-020,main,potsdam,fixed_late,fixed_average,clean_continuation,101,10111,10122,10133,10144,10155,13,3e-05,8,configs/minimal_claim_m2_r2_20260716/main/m3-020_potsdam_fixed_late_clean_continuation.yaml,51B03F11C43EB6EA1166B0B3F0DDE63F009507D6FF072B56BC74F005A949850E,outputs/qalf_minimal_m2_20260715/main/potsdam/fixed_late/seed_101/clean_continuation,M3-019,outputs/qalf_minimal_m2_20260715/main/potsdam/fixed_late/seed_101/base_clean/last_model.pt,outputs/qalf_minimal_m2_20260715/main/potsdam/fixed_late/seed_101/clean_continuation/last_model.pt,primary,true,false,qalf-confirmatory-v1,qalf_minimal_m2_20260715
M3-021,main,potsdam,fixed_late,fixed_average,robust,101,10111,10122,10133,10144,10155,13,3e-05,8,configs/minimal_claim_m2_r2_20260716/main/m3-021_potsdam_fixed_late_robust.yaml,859488A25A5402CCC99C494E1AE857F4EC7E3A0E4CAFBA1A84BE0CEE72EF8CC1,outputs/qalf_minimal_m2_20260715/main/potsdam/fixed_late/seed_101/robust,M3-019,outputs/qalf_minimal_m2_20260715/main/potsdam/fixed_late/seed_101/base_clean/last_model.pt,outputs/qalf_minimal_m2_20260715/main/potsdam/fixed_late/seed_101/robust/last_model.pt,primary,true,false,qalf-confirmatory-v1,qalf_minimal_m2_20260715
M3-022,main,potsdam,fixed_late,fixed_average,base_clean,202,20211,20222,20233,20244,20255,35,0.0003,8,configs/minimal_claim_m2_r2_20260716/main/m3-022_potsdam_fixed_late_base_clean.yaml,1312F6A83285199903CF3D1F7698E63DEBAD8B52514D2BA71A1C68B24246EB93,outputs/qalf_minimal_m2_20260715/main/potsdam/fixed_late/seed_202/base_clean,,,outputs/qalf_minimal_m2_20260715/main/potsdam/fixed_late/seed_202/base_clean/last_model.pt,budget_anchor,false,false,qalf-confirmatory-v1,qalf_minimal_m2_20260715
M3-023,main,potsdam,fixed_late,fixed_average,clean_continuation,202,20211,20222,20233,20244,20255,13,3e-05,8,configs/minimal_claim_m2_r2_20260716/main/m3-023_potsdam_fixed_late_clean_continuation.yaml,66A36A22706B8AFEF0E4D58F8C08232A8F4F23D3739A5555CA8653E8FA24B998,outputs/qalf_minimal_m2_20260715/main/potsdam/fixed_late/seed_202/clean_continuation,M3-022,outputs/qalf_minimal_m2_20260715/main/potsdam/fixed_late/seed_202/base_clean/last_model.pt,outputs/qalf_minimal_m2_20260715/main/potsdam/fixed_late/seed_202/clean_continuation/last_model.pt,primary,true,false,qalf-confirmatory-v1,qalf_minimal_m2_20260715
M3-024,main,potsdam,fixed_late,fixed_average,robust,202,20211,20222,20233,20244,20255,13,3e-05,8,configs/minimal_claim_m2_r2_20260716/main/m3-024_potsdam_fixed_late_robust.yaml,CFD0C0FD400D2570B3F2ECD2F3A2479C6D48AF97D7560A351EB79E571F3A958A,outputs/qalf_minimal_m2_20260715/main/potsdam/fixed_late/seed_202/robust,M3-022,outputs/qalf_minimal_m2_20260715/main/potsdam/fixed_late/seed_202/base_clean/last_model.pt,outputs/qalf_minimal_m2_20260715/main/potsdam/fixed_late/seed_202/robust/last_model.pt,primary,true,false,qalf-confirmatory-v1,qalf_minimal_m2_20260715
M3-025,main,potsdam,fixed_late,fixed_average,base_clean,303,30311,30322,30333,30344,30355,35,0.0003,8,configs/minimal_claim_m2_r2_20260716/main/m3-025_potsdam_fixed_late_base_clean.yaml,666108B55C4D37C82D01BFB3FBEF867041C679B686B85C41933AF192BE54800A,outputs/qalf_minimal_m2_20260715/main/potsdam/fixed_late/seed_303/base_clean,,,outputs/qalf_minimal_m2_20260715/main/potsdam/fixed_late/seed_303/base_clean/last_model.pt,budget_anchor,false,false,qalf-confirmatory-v1,qalf_minimal_m2_20260715
M3-026,main,potsdam,fixed_late,fixed_average,clean_continuation,303,30311,30322,30333,30344,30355,13,3e-05,8,configs/minimal_claim_m2_r2_20260716/main/m3-026_potsdam_fixed_late_clean_continuation.yaml,ACBC8584FC683B8D8DBCCFAEE530821AE77E8027B0763A379EAC8B07D533F0DC,outputs/qalf_minimal_m2_20260715/main/potsdam/fixed_late/seed_303/clean_continuation,M3-025,outputs/qalf_minimal_m2_20260715/main/potsdam/fixed_late/seed_303/base_clean/last_model.pt,outputs/qalf_minimal_m2_20260715/main/potsdam/fixed_late/seed_303/clean_continuation/last_model.pt,primary,true,false,qalf-confirmatory-v1,qalf_minimal_m2_20260715
M3-027,main,potsdam,fixed_late,fixed_average,robust,303,30311,30322,30333,30344,30355,13,3e-05,8,configs/minimal_claim_m2_r2_20260716/main/m3-027_potsdam_fixed_late_robust.yaml,47BA1781ADB72EF0F0EE36EC03787E38348221D26ECBB6BA91D67B1CD2CFD444,outputs/qalf_minimal_m2_20260715/main/potsdam/fixed_late/seed_303/robust,M3-025,outputs/qalf_minimal_m2_20260715/main/potsdam/fixed_late/seed_303/base_clean/last_model.pt,outputs/qalf_minimal_m2_20260715/main/potsdam/fixed_late/seed_303/robust/last_model.pt,primary,true,false,qalf-confirmatory-v1,qalf_minimal_m2_20260715
M3-028,main,potsdam,qalf,dynamic_gated,base_clean,101,10111,10122,10133,10144,10155,35,0.0003,8,configs/minimal_claim_m2_r2_20260716/main/m3-028_potsdam_qalf_base_clean.yaml,A0ADA71140BAE58024A7C099E86D12093BECB8C950E74011D7EF9EA12E179487,outputs/qalf_minimal_m2_20260715/main/potsdam/qalf/seed_101/base_clean,,,outputs/qalf_minimal_m2_20260715/main/potsdam/qalf/seed_101/base_clean/last_model.pt,budget_anchor,false,false,qalf-confirmatory-v1,qalf_minimal_m2_20260715
M3-029,main,potsdam,qalf,dynamic_gated,clean_continuation,101,10111,10122,10133,10144,10155,13,3e-05,8,configs/minimal_claim_m2_r2_20260716/main/m3-029_potsdam_qalf_clean_continuation.yaml,92CA2FBD0230B4A3B6ACC5AB27B68AE17B8CA9335CA1379CE4788CA263BDE8AF,outputs/qalf_minimal_m2_20260715/main/potsdam/qalf/seed_101/clean_continuation,M3-028,outputs/qalf_minimal_m2_20260715/main/potsdam/qalf/seed_101/base_clean/last_model.pt,outputs/qalf_minimal_m2_20260715/main/potsdam/qalf/seed_101/clean_continuation/last_model.pt,primary,true,false,qalf-confirmatory-v1,qalf_minimal_m2_20260715
M3-030,main,potsdam,qalf,dynamic_gated,robust,101,10111,10122,10133,10144,10155,13,3e-05,8,configs/minimal_claim_m2_r2_20260716/main/m3-030_potsdam_qalf_robust.yaml,EDD463E1DF0391C688F8E0CD1CA56E62060837F20660E813AD64FBE2B16FF09F,outputs/qalf_minimal_m2_20260715/main/potsdam/qalf/seed_101/robust,M3-028,outputs/qalf_minimal_m2_20260715/main/potsdam/qalf/seed_101/base_clean/last_model.pt,outputs/qalf_minimal_m2_20260715/main/potsdam/qalf/seed_101/robust/last_model.pt,primary,true,false,qalf-confirmatory-v1,qalf_minimal_m2_20260715
M3-031,main,potsdam,qalf,dynamic_gated,base_clean,202,20211,20222,20233,20244,20255,35,0.0003,8,configs/minimal_claim_m2_r2_20260716/main/m3-031_potsdam_qalf_base_clean.yaml,B5E1FD05777141C0685F62E7881648BADA8E69F667752CAE5CD888D2ABE22808,outputs/qalf_minimal_m2_20260715/main/potsdam/qalf/seed_202/base_clean,,,outputs/qalf_minimal_m2_20260715/main/potsdam/qalf/seed_202/base_clean/last_model.pt,budget_anchor,false,false,qalf-confirmatory-v1,qalf_minimal_m2_20260715
M3-032,main,potsdam,qalf,dynamic_gated,clean_continuation,202,20211,20222,20233,20244,20255,13,3e-05,8,configs/minimal_claim_m2_r2_20260716/main/m3-032_potsdam_qalf_clean_continuation.yaml,9F75D3A89ECA1325A93349A6D426D2E7E9EE4ADBEB264C77416CFE84000F2A4C,outputs/qalf_minimal_m2_20260715/main/potsdam/qalf/seed_202/clean_continuation,M3-031,outputs/qalf_minimal_m2_20260715/main/potsdam/qalf/seed_202/base_clean/last_model.pt,outputs/qalf_minimal_m2_20260715/main/potsdam/qalf/seed_202/clean_continuation/last_model.pt,primary,true,false,qalf-confirmatory-v1,qalf_minimal_m2_20260715
M3-033,main,potsdam,qalf,dynamic_gated,robust,202,20211,20222,20233,20244,20255,13,3e-05,8,configs/minimal_claim_m2_r2_20260716/main/m3-033_potsdam_qalf_robust.yaml,8D2256AECC9CC03B56728E31DE27CE6BE88C46F9131FE79E7ACEE9478BE88975,outputs/qalf_minimal_m2_20260715/main/potsdam/qalf/seed_202/robust,M3-031,outputs/qalf_minimal_m2_20260715/main/potsdam/qalf/seed_202/base_clean/last_model.pt,outputs/qalf_minimal_m2_20260715/main/potsdam/qalf/seed_202/robust/last_model.pt,primary,true,false,qalf-confirmatory-v1,qalf_minimal_m2_20260715
M3-034,main,potsdam,qalf,dynamic_gated,base_clean,303,30311,30322,30333,30344,30355,35,0.0003,8,configs/minimal_claim_m2_r2_20260716/main/m3-034_potsdam_qalf_base_clean.yaml,D77D244135A2BD7F2F718B14E3FAF97D3AB18EFDC9830D1968EE28D27E6F66AB,outputs/qalf_minimal_m2_20260715/main/potsdam/qalf/seed_303/base_clean,,,outputs/qalf_minimal_m2_20260715/main/potsdam/qalf/seed_303/base_clean/last_model.pt,budget_anchor,false,false,qalf-confirmatory-v1,qalf_minimal_m2_20260715
M3-035,main,potsdam,qalf,dynamic_gated,clean_continuation,303,30311,30322,30333,30344,30355,13,3e-05,8,configs/minimal_claim_m2_r2_20260716/main/m3-035_potsdam_qalf_clean_continuation.yaml,44462DE79B682578E5613D36E0777D17FA119F8DEEDBFA14811E0B429860A85E,outputs/qalf_minimal_m2_20260715/main/potsdam/qalf/seed_303/clean_continuation,M3-034,outputs/qalf_minimal_m2_20260715/main/potsdam/qalf/seed_303/base_clean/last_model.pt,outputs/qalf_minimal_m2_20260715/main/potsdam/qalf/seed_303/clean_continuation/last_model.pt,primary,true,false,qalf-confirmatory-v1,qalf_minimal_m2_20260715
M3-036,main,potsdam,qalf,dynamic_gated,robust,303,30311,30322,30333,30344,30355,13,3e-05,8,configs/minimal_claim_m2_r2_20260716/main/m3-036_potsdam_qalf_robust.yaml,267591AE2153D457C84ACA90A31755A6395501EFCB527CA8AAFF2937D0B074A9,outputs/qalf_minimal_m2_20260715/main/potsdam/qalf/seed_303/robust,M3-034,outputs/qalf_minimal_m2_20260715/main/potsdam/qalf/seed_303/base_clean/last_model.pt,outputs/qalf_minimal_m2_20260715/main/potsdam/qalf/seed_303/robust/last_model.pt,primary,true,false,qalf-confirmatory-v1,qalf_minimal_m2_20260715
M4-001,control,vaihingen,main_only,main_only,base_clean,101,10111,10122,10133,10144,10155,45,0.0003,8,configs/minimal_claim_m2_r2_20260716/control/m4-001_vaihingen_main_only_base_clean.yaml,0F57E456698D4E368CD1233CF17AEDAA95A40ADFD44EAE4611A4DF2CCA649B47,outputs/qalf_minimal_m2_20260715/control/vaihingen/main_only/seed_101/base_clean,,,outputs/qalf_minimal_m2_20260715/control/vaihingen/main_only/seed_101/base_clean/last_model.pt,control_budget_anchor,false,true,qalf-confirmatory-v1,qalf_minimal_m2_20260715
M4-002,control,vaihingen,main_only,main_only,robust,101,10111,10122,10133,10144,10155,28,3e-05,8,configs/minimal_claim_m2_r2_20260716/control/m4-002_vaihingen_main_only_robust.yaml,85C1ACE207EE6BC5D30F71A5E80452B484C44C106ADF0FAE25216F2F0324F3A2,outputs/qalf_minimal_m2_20260715/control/vaihingen/main_only/seed_101/robust,M4-001,outputs/qalf_minimal_m2_20260715/control/vaihingen/main_only/seed_101/base_clean/last_model.pt,outputs/qalf_minimal_m2_20260715/control/vaihingen/main_only/seed_101/robust/last_model.pt,descriptive_control,false,true,qalf-confirmatory-v1,qalf_minimal_m2_20260715
M4-003,control,potsdam,main_only,main_only,base_clean,101,10111,10122,10133,10144,10155,35,0.0003,8,configs/minimal_claim_m2_r2_20260716/control/m4-003_potsdam_main_only_base_clean.yaml,011FB203B7150F14F0AC8FE19563B848D2CD637D906179D41A6B20CEE4F66C0D,outputs/qalf_minimal_m2_20260715/control/potsdam/main_only/seed_101/base_clean,,,outputs/qalf_minimal_m2_20260715/control/potsdam/main_only/seed_101/base_clean/last_model.pt,control_budget_anchor,false,true,qalf-confirmatory-v1,qalf_minimal_m2_20260715
M4-004,control,potsdam,main_only,main_only,robust,101,10111,10122,10133,10144,10155,13,3e-05,8,configs/minimal_claim_m2_r2_20260716/control/m4-004_potsdam_main_only_robust.yaml,97E70A38C47A828119962DB824111F19E03DC02DBF8AC2504D236B9262260328,outputs/qalf_minimal_m2_20260715/control/potsdam/main_only/seed_101/robust,M4-003,outputs/qalf_minimal_m2_20260715/control/potsdam/main_only/seed_101/base_clean/last_model.pt,outputs/qalf_minimal_m2_20260715/control/potsdam/main_only/seed_101/robust/last_model.pt,descriptive_control,false,true,qalf-confirmatory-v1,qalf_minimal_m2_20260715
M4-005,control,vaihingen,availability_masked_fixed,availability_masked_average,robust,101,10111,10122,10133,10144,10155,28,3e-05,8,configs/minimal_claim_m2_r2_20260716/control/m4-005_vaihingen_availability_masked_fixed_robust.yaml,D3794195DC7FC2B9235386CA3A4E924B0A0E6510EB70EAEABC7207FF1A1C7B5F,outputs/qalf_minimal_m2_20260715/control/vaihingen/availability_masked_fixed/seed_101/robust,M3-001,outputs/qalf_minimal_m2_20260715/main/vaihingen/fixed_late/seed_101/base_clean/last_model.pt,outputs/qalf_minimal_m2_20260715/control/vaihingen/availability_masked_fixed/seed_101/robust/last_model.pt,descriptive_component,false,true,qalf-confirmatory-v1,qalf_minimal_m2_20260715
M4-006,control,vaihingen,quality_weighted,quality_weighted,base_clean,101,10111,10122,10133,10144,10155,45,0.0003,8,configs/minimal_claim_m2_r2_20260716/control/m4-006_vaihingen_quality_weighted_base_clean.yaml,1808FA0A945AE74A6FC0683182ACFBACCFFF12F33EA00F6DAE96964EACD192C0,outputs/qalf_minimal_m2_20260715/control/vaihingen/quality_weighted/seed_101/base_clean,,,outputs/qalf_minimal_m2_20260715/control/vaihingen/quality_weighted/seed_101/base_clean/last_model.pt,component_budget_anchor,false,true,qalf-confirmatory-v1,qalf_minimal_m2_20260715
M4-007,control,vaihingen,quality_weighted,quality_weighted,robust,101,10111,10122,10133,10144,10155,28,3e-05,8,configs/minimal_claim_m2_r2_20260716/control/m4-007_vaihingen_quality_weighted_robust.yaml,85D07A50055275755E91B9A3272E3A5AC500FDCD7D00C7D0AD3E2574BEF6B4A8,outputs/qalf_minimal_m2_20260715/control/vaihingen/quality_weighted/seed_101/robust,M4-006,outputs/qalf_minimal_m2_20260715/control/vaihingen/quality_weighted/seed_101/base_clean/last_model.pt,outputs/qalf_minimal_m2_20260715/control/vaihingen/quality_weighted/seed_101/robust/last_model.pt,descriptive_component,false,true,qalf-confirmatory-v1,qalf_minimal_m2_20260715
